{
    "page": 1,
    "results": [
        {
            "original_language": "en",
            "original_title": "Spiderhead",
            "poster_path": "/7COPO5B9AOKIB4sEkvNu0wfve3c.jpg",
            "video": false,
            "vote_average": 6.0,
            "overview": "A prisoner in a state-of-the-art penitentiary begins to question the purpose of the emotion-controlling drugs he's testing for a pharmaceutical genius.",
            "release_date": "2022-06-15",
            "vote_count": 98,
            "id": 615469,
            "adult": false,
            "backdrop_path": "/5tmjv1moohN65IuHAbYjKw3cw7I.jpg",
            "title": "Spiderhead",
            "genre_ids": [
                878,
                53
            ],
            "popularity": 103.396,
            "media_type": "movie"
        },
        {
            "vote_count": 605,
            "id": 507086,
            "adult": false,
            "backdrop_path": "/wo3l9p0S7pcvwlzlndtKgq0peRJ.jpg",
            "genre_ids": [
                28,
                12,
                878
            ],
            "title": "Jurassic World Dominion",
            "original_language": "en",
            "original_title": "Jurassic World Dominion",
            "poster_path": "/kAVRgw7GgK1CfYEJq8ME6EvRIgU.jpg",
            "release_date": "2022-06-01",
            "video": false,
            "vote_average": 6.7,
            "overview": "Four years after Isla Nublar was destroyed, dinosaurs now live—and hunt—alongside humans all over the world. This fragile balance will reshape the future and determine, once and for all, whether human beings are to remain the apex predators on a planet they now share with history’s most fearsome creatures.",
            "popularity": 2694.483,
            "media_type": "movie"
        },
        {
            "genre_ids": [
                14,
                12,
                28
            ],
            "original_language": "en",
            "original_title": "Fantastic Beasts: The Secrets of Dumbledore",
            "poster_path": "/jrgifaYeUtTnaH7NF5Drkgjg2MB.jpg",
            "video": false,
            "vote_average": 6.9,
            "overview": "Professor Albus Dumbledore knows the powerful, dark wizard Gellert Grindelwald is moving to seize control of the wizarding world. Unable to stop him alone, he entrusts magizoologist Newt Scamander to lead an intrepid team of wizards and witches. They soon encounter an array of old and new beasts as they clash with Grindelwald's growing legion of followers.",
            "release_date": "2022-04-06",
            "vote_count": 1841,
            "title": "Fantastic Beasts: The Secrets of Dumbledore",
            "adult": false,
            "backdrop_path": "/zGLHX92Gk96O1DJvLil7ObJTbaL.jpg",
            "id": 338953,
            "popularity": 4188.23,
            "media_type": "movie"
        },
        {
            "poster_path": "/fVf4YHHkRfo1uuljpWBViEGmaUQ.jpg",
            "video": false,
            "vote_average": 7.8,
            "overview": "After discovering a once-in-a-lifetime player with a rocky past abroad, a down on his luck basketball scout takes it upon himself to bring the phenom to the States without his team's approval. Against the odds, they have one final shot to prove they have what it takes to make it in the NBA.",
            "release_date": "2022-06-03",
            "vote_count": 541,
            "adult": false,
            "backdrop_path": "/hGr0FrLI74vqpBWTBOPloDBwOAK.jpg",
            "id": 705861,
            "genre_ids": [
                18,
                35
            ],
            "title": "Hustle",
            "original_language": "en",
            "original_title": "Hustle",
            "popularity": 1855.587,
            "media_type": "movie"
        },
        {
            "adult": false,
            "backdrop_path": "/m0YjB4VfghKey8Ppsmz8qCd0v1m.jpg",
            "genre_ids": [
                28,
                35,
                80
            ],
            "original_language": "en",
            "original_title": "The Unbearable Weight of Massive Talent",
            "poster_path": "/aqhLeieyTpTUKPOfZ3jzo2La0Mq.jpg",
            "video": false,
            "vote_average": 7.3,
            "vote_count": 291,
            "overview": "Creatively unfulfilled and facing financial ruin, Nick Cage must accept a $1 million offer to attend the birthday of a dangerous superfan. Things take a wildly unexpected turn when Cage is recruited by a CIA operative and forced to live up to his own legend, channeling his most iconic and beloved on-screen characters in order to save himself and his loved ones.",
            "release_date": "2022-04-20",
            "title": "The Unbearable Weight of Massive Talent",
            "id": 648579,
            "popularity": 2426.345,
            "media_type": "movie"
        },
        {
            "adult": false,
            "backdrop_path": "/kmCBLNHsNnlDEtghSaF2nabpG2T.jpg",
            "genre_ids": [
                28,
                878,
                14
            ],
            "original_language": "en",
            "original_title": "Morbius",
            "poster_path": "/6JjfSchsU6daXk2AKX8EEBjO3Fm.jpg",
            "video": false,
            "title": "Morbius",
            "vote_count": 1700,
            "overview": "Dangerously ill with a rare blood disorder, and determined to save others suffering his same fate, Dr. Michael Morbius attempts a desperate gamble. What at first appears to be a radical success soon reveals itself to be a remedy potentially worse than the disease.",
            "id": 526896,
            "vote_average": 6.4,
            "release_date": "2022-03-30",
            "popularity": 2995.144,
            "media_type": "movie"
        },
        {
            "genre_ids": [
                28,
                18
            ],
            "original_language": "en",
            "original_title": "Top Gun: Maverick",
            "poster_path": "/62HCnUTziyWcpDaBO2i1DX17ljH.jpg",
            "video": false,
            "vote_average": 8.3,
            "overview": "After more than thirty years of service as one of the Navy’s top aviators, and dodging the advancement in rank that would ground him, Pete “Maverick” Mitchell finds himself training a detachment of TOP GUN graduates for a specialized mission the likes of which no living pilot has ever seen.",
            "release_date": "2022-05-24",
            "vote_count": 1091,
            "title": "Top Gun: Maverick",
            "adult": false,
            "backdrop_path": "/odJ4hx6g6vBt4lBWKFD1tI8WS4x.jpg",
            "id": 361743,
            "popularity": 1147.818,
            "media_type": "movie"
        },
        {
            "vote_count": 2084,
            "id": 675353,
            "adult": false,
            "backdrop_path": "/egoyMDLqCxzjnSrWOz50uLlJWmD.jpg",
            "genre_ids": [
                28,
                12,
                10751,
                35
            ],
            "title": "Sonic the Hedgehog 2",
            "original_language": "en",
            "original_title": "Sonic the Hedgehog 2",
            "poster_path": "/6DrHO1jr3qVrViUO6s6kFiAGM7.jpg",
            "release_date": "2022-03-30",
            "video": false,
            "vote_average": 7.7,
            "overview": "After settling in Green Hills, Sonic is eager to prove he has what it takes to be a true hero. His test comes when Dr. Robotnik returns, this time with a new partner, Knuckles, in search for an emerald that has the power to destroy civilizations. Sonic teams up with his own sidekick, Tails, and together they embark on a globe-trotting journey to find the emerald before it falls into the wrong hands.",
            "popularity": 3669.412,
            "media_type": "movie"
        },
        {
            "genre_ids": [
                80,
                9648,
                53
            ],
            "original_language": "en",
            "original_title": "The Batman",
            "poster_path": "/74xTEgt7R36Fpooo50r9T25onhq.jpg",
            "video": false,
            "vote_average": 7.8,
            "vote_count": 5200,
            "overview": "In his second year of fighting crime, Batman uncovers corruption in Gotham City that connects to his own family while facing a serial killer known as the Riddler.",
            "release_date": "2022-03-01",
            "title": "The Batman",
            "id": 414906,
            "adult": false,
            "backdrop_path": "/xHrp2pq73oi9D64xigPjWW1wcz1.jpg",
            "popularity": 1596.672,
            "media_type": "movie"
        },
        {
            "adult": false,
            "backdrop_path": "/i2tcQ9nDJpdJELPA82eCd7Irasd.jpg",
            "genre_ids": [
                28,
                53,
                12
            ],
            "original_language": "en",
            "original_title": "Interceptor",
            "id": 831946,
            "vote_count": 271,
            "video": false,
            "vote_average": 6.3,
            "title": "Interceptor",
            "overview": "A U.S. Army Captain uses her years of tactical training to save humanity from sixteen nuclear missiles launched at the U.S. as a violent attack threatens her remote missile interceptor station.",
            "release_date": "2022-05-26",
            "poster_path": "/cpWUtkcgRKeauhTyVMjYHxAutp4.jpg",
            "popularity": 1989.792,
            "media_type": "movie"
        },
        {
            "vote_count": 2305,
            "id": 453395,
            "adult": false,
            "backdrop_path": "/gUNRlH66yNDH3NQblYMIwgZXJ2u.jpg",
            "genre_ids": [
                14,
                28,
                12
            ],
            "title": "Doctor Strange in the Multiverse of Madness",
            "original_language": "en",
            "original_title": "Doctor Strange in the Multiverse of Madness",
            "poster_path": "/9Gtg2DzBhmYamXBS1hKAhiwbBKS.jpg",
            "release_date": "2022-05-04",
            "video": false,
            "vote_average": 7.4,
            "overview": "Doctor Strange, with the help of mystical allies both old and new, traverses the mind-bending and dangerous alternate realities of the Multiverse to confront a mysterious new adversary.",
            "popularity": 2809.113,
            "media_type": "movie"
        },
        {
            "adult": false,
            "backdrop_path": "/tqUD26YGjKmFqOJAgbNBah1gX0N.jpg",
            "genre_ids": [
                16,
                878,
                12,
                28,
                10751
            ],
            "original_language": "en",
            "original_title": "Lightyear",
            "poster_path": "/vpILbP9eOQEtdQgl4vgjZUNY07r.jpg",
            "video": false,
            "title": "Lightyear",
            "vote_count": 85,
            "overview": "Legendary Space Ranger Buzz Lightyear embarks on an intergalactic adventure alongside a group of ambitious recruits and his robot companion Sox.",
            "id": 718789,
            "vote_average": 7.1,
            "release_date": "2022-06-15",
            "popularity": 1297.416,
            "media_type": "movie"
        },
        {
            "genre_ids": [
                28,
                12,
                878
            ],
            "original_language": "en",
            "original_title": "Everything Everywhere All at Once",
            "poster_path": "/w3LxiVYdWWRvEVdn5RYq6jIqkb1.jpg",
            "video": false,
            "title": "Everything Everywhere All at Once",
            "vote_count": 676,
            "overview": "An aging Chinese immigrant is swept up in an insane adventure, where she alone can save what's important to her by connecting with the lives she could have led in other universes.",
            "release_date": "2022-03-24",
            "vote_average": 8.4,
            "id": 545611,
            "adult": false,
            "backdrop_path": "/fIwiFha3WPu5nHkBeMQ4GzEk0Hv.jpg",
            "popularity": 262.598,
            "media_type": "movie"
        },
        {
            "video": false,
            "id": 634649,
            "overview": "Peter Parker is unmasked and no longer able to separate his normal life from the high-stakes of being a super-hero. When he asks for help from Doctor Strange the stakes become even more dangerous, forcing him to discover what it truly means to be Spider-Man.",
            "release_date": "2021-12-15",
            "adult": false,
            "backdrop_path": "/ocUp7DJBIc8VJgLEw1prcyK1dYv.jpg",
            "vote_count": 13573,
            "genre_ids": [
                28,
                12,
                878
            ],
            "vote_average": 8.1,
            "original_language": "en",
            "original_title": "Spider-Man: No Way Home",
            "poster_path": "/1g0dhYtq4irTY1GPXvft6k4YLjm.jpg",
            "title": "Spider-Man: No Way Home",
            "popularity": 2282.527,
            "media_type": "movie"
        },
        {
            "overview": "Prince Amleth is on the verge of becoming a man when his father is brutally murdered by his uncle, who kidnaps the boy's mother. Two decades later, Amleth is now a Viking who's on a mission to save his mother, kill his uncle and avenge his father.",
            "release_date": "2022-04-07",
            "adult": false,
            "backdrop_path": "/cqnVuxXe6vA7wfNWubak3x36DKJ.jpg",
            "genre_ids": [
                28,
                12,
                14
            ],
            "vote_count": 1541,
            "original_language": "en",
            "original_title": "The Northman",
            "poster_path": "/zhLKlUaF1SEpO58ppHIAyENkwgw.jpg",
            "vote_average": 7.3,
            "video": false,
            "title": "The Northman",
            "id": 639933,
            "popularity": 2358.39,
            "media_type": "movie"
        },
        {
            "overview": "The Crawley family goes on a grand journey to the South of France to uncover the mystery of the dowager countess's newly inherited villa.",
            "release_date": "2022-04-27",
            "adult": false,
            "backdrop_path": "/nBHKT3pm5DmidZd5VS4bD5Hc2S3.jpg",
            "id": 820446,
            "genre_ids": [
                18,
                10749
            ],
            "original_language": "en",
            "original_title": "Downton Abbey: A New Era",
            "poster_path": "/r5n4CLoIjUcnT3shWDi6MHdJ25a.jpg",
            "vote_count": 109,
            "video": false,
            "vote_average": 7.4,
            "title": "Downton Abbey: A New Era",
            "popularity": 97.349,
            "media_type": "movie"
        },
        {
            "adult": false,
            "backdrop_path": "/oQMqMLIJXZAVMplga9RhDyZInAW.jpg",
            "genre_ids": [
                10749,
                35
            ],
            "original_language": "en",
            "original_title": "Father of the Bride",
            "poster_path": "/aRvwJoqO7121AIpEnIMgP0omNj6.jpg",
            "video": false,
            "title": "Father of the Bride",
            "vote_count": 0,
            "overview": "A father coming to grips with his daughter’s upcoming wedding through the prism of multiple relationships within a big, sprawling Cuban-American family",
            "id": 746419,
            "vote_average": 0.0,
            "release_date": "2022-07-21",
            "popularity": 48.646,
            "media_type": "movie"
        },
        {
            "vote_average": 6.8,
            "id": 752623,
            "overview": "A reclusive romance novelist was sure nothing could be worse than getting stuck on a book tour with her cover model until a kidnapping attempt sweeps them both into a cutthroat jungle adventure, proving life can be so much stranger, and more romantic, than any of her paperback fictions.",
            "release_date": "2022-03-24",
            "adult": false,
            "backdrop_path": "/1Ds7xy7ILo8u2WWxdnkJth1jQVT.jpg",
            "genre_ids": [
                28,
                12,
                35
            ],
            "vote_count": 1206,
            "original_language": "en",
            "original_title": "The Lost City",
            "poster_path": "/neMZH82Stu91d3iqvLdNQfqPPyl.jpg",
            "title": "The Lost City",
            "video": false,
            "popularity": 3279.951,
            "media_type": "movie"
        },
        {
            "original_language": "en",
            "original_title": "Thor: Love and Thunder",
            "poster_path": "/4zLfBbGnuUBLbMVtagTZvzFwS8l.jpg",
            "video": false,
            "vote_average": 0.0,
            "overview": "After his retirement is interrupted by Gorr the God Butcher, a galactic killer who seeks the extinction of the gods, Thor enlists the help of King Valkyrie, Korg, and ex-girlfriend Jane Foster, who now inexplicably wields Mjolnir as the Mighty Thor. Together they embark upon a harrowing cosmic adventure to uncover the mystery of the God Butcher’s vengeance and stop him before it’s too late.",
            "release_date": "2022-07-06",
            "vote_count": 0,
            "id": 616037,
            "adult": false,
            "backdrop_path": "/bcpATvKQmSgCbwxONs9PPQrer3A.jpg",
            "title": "Thor: Love and Thunder",
            "genre_ids": [
                28,
                12,
                14
            ],
            "popularity": 426.161,
            "media_type": "movie"
        },
        {
            "poster_path": "/pLAeWgqXbTeJ2gQtNvRmdIncYsk.jpg",
            "video": false,
            "vote_average": 7.6,
            "overview": "The true-life story of boxer-turned-priest. When an injury ends his amateur boxing career, Stuart Long moves to Los Angeles to find money and fame. While scraping by as a supermarket clerk, he meets Carmen, a Sunday school teacher who seems immune to his bad-boy charm. Determined to win her over, the longtime agnostic starts going to church to impress her. However, a motorcycle accident leaves him wondering if he can use his second chance to help others, leading to the surprising realization that he's meant to be a Catholic priest.",
            "release_date": "2022-04-13",
            "vote_count": 132,
            "adult": false,
            "backdrop_path": "/rmhMB6KBxdSYatfiFoas60uF6Fc.jpg",
            "id": 809140,
            "genre_ids": [
                18
            ],
            "title": "Father Stu",
            "original_language": "en",
            "original_title": "Father Stu",
            "popularity": 133.456,
            "media_type": "movie"
        },
        {
            "video": false,
            "vote_average": 7.2,
            "overview": "Nancy Stokes doesn’t know good sex. Whatever it may be, Nancy, a retired schoolteacher, is pretty sure she has never had it, but she is determined to finally do something about that. She even has a plan: It involves an anonymous hotel room, and a young sex worker who calls himself Leo Grande.",
            "release_date": "2022-06-17",
            "vote_count": 9,
            "adult": false,
            "backdrop_path": "/uZTxMG8VJqt5krHuX5VwVtrdquY.jpg",
            "title": "Good Luck to You, Leo Grande",
            "genre_ids": [
                35,
                18,
                10749
            ],
            "id": 758330,
            "original_language": "en",
            "original_title": "Good Luck to You, Leo Grande",
            "poster_path": "/o3vF3SP0xKFt09fbYZUCbec6Ijr.jpg",
            "popularity": 101.52,
            "media_type": "movie"
        },
        {
            "genre_ids": [
                10752,
                36,
                18
            ],
            "original_language": "en",
            "original_title": "Operation Mincemeat",
            "poster_path": "/tfdfh1mK24VujxT5z11732asxdR.jpg",
            "video": false,
            "title": "Operation Mincemeat",
            "vote_count": 226,
            "overview": "In 1943, two British intelligence officers concoct Operation Mincemeat, wherein their plan to drop a corpse with false papers off the coast of Spain would fool Nazi spies into believing the Allied forces were planning to attack by way of Greece rather than Sicily.",
            "release_date": "2022-04-01",
            "vote_average": 6.6,
            "id": 661231,
            "adult": false,
            "backdrop_path": "/jCSpD2Sj67qOVnOu4b3JsXl8NO4.jpg",
            "popularity": 85.309,
            "media_type": "movie"
        },
        {
            "adult": false,
            "backdrop_path": "/3pmwggVfKVmbG6dY0uelypTuDRs.jpg",
            "genre_ids": [
                16,
                14,
                27,
                878
            ],
            "original_language": "en",
            "original_title": "Mad God",
            "id": 846867,
            "vote_count": 6,
            "video": false,
            "vote_average": 7.0,
            "title": "Mad God",
            "overview": "Follow The Assassin through a forbidding world of tortured souls, decrepit bunkers, and wretched monstrosities forged from the most primordial horrors of the subconscious mind.  Every set, creature, and effigy in this macabre masterpiece is hand-crafted and painstakingly animated using traditional stop-motion techniques. MAD GOD is a labor of love, a testament to the power of creative grit, and an homage to the timeless art of stop-motion animation.  Ready your eyes. Ready your spirit. Prepare to meet your maker.",
            "release_date": "2022-06-16",
            "poster_path": "/X32TnGBup6HRSoY4RXbQEDhRh4.jpg",
            "popularity": 108.895,
            "media_type": "movie"
        },
        {
            "genre_ids": [
                35,
                18,
                53
            ],
            "id": 819309,
            "original_title": "Emergency",
            "poster_path": "/b1OVtVtcC7KQlsueXCwBSRaAR1o.jpg",
            "video": false,
            "title": "Emergency",
            "overview": "Ready for a night of legendary partying, three college students must weigh the pros and cons of calling the police when faced with an unexpected situation.",
            "release_date": "2022-05-20",
            "vote_count": 80,
            "vote_average": 6.2,
            "adult": false,
            "backdrop_path": "/oC7tcPHUDxpUojzxgMb8D7Uu4aJ.jpg",
            "original_language": "en",
            "popularity": 134.97,
            "media_type": "movie"
        },
        {
            "vote_count": 21196,
            "id": 299534,
            "adult": false,
            "backdrop_path": "/7RyHsO4yDXtBv1zUU3mTpHeQ0d5.jpg",
            "genre_ids": [
                12,
                878,
                28
            ],
            "title": "Avengers: Endgame",
            "original_language": "en",
            "original_title": "Avengers: Endgame",
            "poster_path": "/or06FN3Dka5tukK1e9sl16pB3iy.jpg",
            "release_date": "2019-04-24",
            "video": false,
            "vote_average": 8.3,
            "overview": "After the devastating events of Avengers: Infinity War, the universe is in ruins due to the efforts of the Mad Titan, Thanos. With the help of remaining allies, the Avengers must assemble once more in order to undo Thanos' actions and restore order to the universe once and for all, no matter what consequences may be in store.",
            "popularity": 260.748,
            "media_type": "movie"
        },
        {
            "adult": false,
            "backdrop_path": "/t0mwKhUDa62hdhdKSsN4xMfhY5Z.jpg",
            "genre_ids": [
                18,
                35
            ],
            "vote_count": 395,
            "original_language": "en",
            "original_title": "Dog",
            "id": 626735,
            "title": "Dog",
            "video": false,
            "vote_average": 7.3,
            "poster_path": "/rkpLvPDe0ZE62buUS32exdNr7zD.jpg",
            "overview": "An army ranger and his dog embark on a road trip along the Pacific Coast Highway to attend a friend's funeral.",
            "release_date": "2022-02-17",
            "popularity": 372.96,
            "media_type": "movie"
        },
        {
            "adult": false,
            "backdrop_path": "/8gdIKyQ587Gdo4XCc99usA1eyA7.jpg",
            "genre_ids": [
                12,
                878
            ],
            "id": 329,
            "original_language": "en",
            "original_title": "Jurassic Park",
            "overview": "A wealthy entrepreneur secretly creates a theme park featuring living dinosaurs drawn from prehistoric DNA. Before opening day, he invites a team of experts and his two eager grandchildren to experience the park and help calm anxious investors. However, the park is anything but amusing as the security systems go off-line and the dinosaurs escape.",
            "poster_path": "/oU7Oq2kFAAlGqbU4VoAE36g4hoI.jpg",
            "release_date": "1993-06-11",
            "title": "Jurassic Park",
            "video": false,
            "vote_average": 7.9,
            "vote_count": 13611,
            "popularity": 160.373,
            "media_type": "movie"
        },
        {
            "vote_count": 2495,
            "id": 508947,
            "adult": false,
            "backdrop_path": "/fOy2Jurz9k6RnJnMUMRDAgBwru2.jpg",
            "genre_ids": [
                16,
                10751,
                35,
                14
            ],
            "title": "Turning Red",
            "original_language": "en",
            "original_title": "Turning Red",
            "poster_path": "/qsdjk9oAKSQMWs0Vt5Pyfh6O4GZ.jpg",
            "release_date": "2022-03-10",
            "video": false,
            "vote_average": 7.5,
            "overview": "Thirteen-year-old Mei is experiencing the awkwardness of being a teenager with a twist – when she gets too excited, she transforms into a giant red panda.",
            "popularity": 2037.922,
            "media_type": "movie"
        },
        {
            "genre_ids": [
                14,
                27,
                53
            ],
            "original_language": "en",
            "original_title": "Firestarter",
            "poster_path": "/2MTGip0nfahQ1jPQCZSfCsPBZes.jpg",
            "video": false,
            "vote_average": 6.2,
            "vote_count": 248,
            "overview": "For more than a decade, parents Andy and Vicky have been on the run, desperate to hide their daughter Charlie from a shadowy federal agency that wants to harness her unprecedented gift for creating fire into a weapon of mass destruction. Andy has taught Charlie how to defuse her power, which is triggered by anger or pain. But as Charlie turns 11, the fire becomes harder and harder to control. After an incident reveals the family's location, a mysterious operative is deployed to hunt down the family and seize Charlie once and for all. Charlie has other plans.",
            "release_date": "2022-05-12",
            "title": "Firestarter",
            "id": 532710,
            "adult": false,
            "backdrop_path": "/bIFrsAcqkLUUxaaiqqpFexYPeCh.jpg",
            "popularity": 69.453,
            "media_type": "movie"
        },
        {
            "adult": false,
            "backdrop_path": "/t9hNIUFcy0tYu55IPxjxRTTdZ6X.jpg",
            "genre_ids": [
                10749,
                18
            ],
            "vote_count": 531,
            "original_language": "en",
            "original_title": "365 Days: This Day",
            "id": 829557,
            "title": "365 Days: This Day",
            "video": false,
            "vote_average": 5.7,
            "poster_path": "/k3J2GdYxhR6U2RfsHZOsmHVKW7m.jpg",
            "overview": "Laura and Massimo are back and hotter than ever. But the reunited couple's new beginning is complicated by Massimo’s family ties and a mysterious man who enters Laura’s life to win her heart and trust, at any cost.",
            "release_date": "2022-04-27",
            "popularity": 633.054,
            "media_type": "movie"
        },
        {
            "original_language": "en",
            "original_title": "The Contractor",
            "poster_path": "/rJPGPZ5soaG27MK90oKpioSiJE2.jpg",
            "video": false,
            "vote_average": 6.6,
            "overview": "After being involuntarily discharged from the U.S. Special Forces, James Harper decides to support his family by joining a private contracting organization alongside his best friend and under the command of a fellow veteran. Overseas on a covert mission, Harper must evade those trying to kill him while making his way back home.",
            "release_date": "2022-03-10",
            "vote_count": 330,
            "title": "The Contractor",
            "adult": false,
            "backdrop_path": "/figlwUsXXFehX3IebdjqNLV6vWk.jpg",
            "id": 628900,
            "genre_ids": [
                28,
                53
            ],
            "popularity": 1117.474,
            "media_type": "movie"
        },
        {
            "adult": false,
            "backdrop_path": "/9bbxqz1iPEfZN9Xi2ZjJhkp5JRo.jpg",
            "genre_ids": [
                16,
                878,
                28
            ],
            "original_language": "ja",
            "original_title": "ドラゴンボール超：スーパーヒーロー",
            "poster_path": "/rugyJdeoJm7cSJL1q4jBpTNbxyU.jpg",
            "video": false,
            "vote_average": 8.0,
            "vote_count": 23,
            "overview": "The Red Ribbon Army, an evil organization that was once destroyed by Goku in the past, has been reformed by a group of people who have created new and mightier Androids, Gamma 1 and Gamma 2, and seek vengeance against Goku and his family.",
            "release_date": "2022-06-11",
            "title": "Dragon Ball Super: Super Hero",
            "id": 610150,
            "popularity": 2213.831,
            "media_type": "movie"
        },
        {
            "overview": "A group of queer best friends gather in the Fire Island Pines for their annual week of love and laughter, but when a sudden change of events jeopardizes their summer in gay paradise, their bonds as a chosen family are pushed to the limit.",
            "id": 846250,
            "adult": false,
            "backdrop_path": "/4uwOKYaySkczmZ5C4EO50Ay3IoT.jpg",
            "genre_ids": [
                35,
                10749
            ],
            "vote_count": 44,
            "original_language": "en",
            "original_title": "Fire Island",
            "poster_path": "/2vVUdYoqUX5rK8plxPGERGGjQLI.jpg",
            "title": "Fire Island",
            "video": false,
            "vote_average": 6.6,
            "release_date": "2022-06-09",
            "popularity": 583.255,
            "media_type": "movie"
        },
        {
            "poster_path": "/8c4a8kE7PizaGQQnditMmI1xbRp.jpg",
            "video": false,
            "vote_average": 6.7,
            "overview": "Plagued by strange memories, Neo's life takes an unexpected turn when he finds himself back inside the Matrix.",
            "release_date": "2021-12-16",
            "vote_count": 3795,
            "adult": false,
            "backdrop_path": "/eNI7PtK6DEYgZmHWP9gQNuff8pv.jpg",
            "title": "The Matrix Resurrections",
            "genre_ids": [
                878,
                28,
                12
            ],
            "id": 624860,
            "original_language": "en",
            "original_title": "The Matrix Resurrections",
            "popularity": 412.393,
            "media_type": "movie"
        },
        {
            "overview": "Harry Potter has lived under the stairs at his aunt and uncle's house his whole life. But on his 11th birthday, he learns he's a powerful wizard—with a place waiting for him at the Hogwarts School of Witchcraft and Wizardry. As he learns to harness his newfound powers with the help of the school's kindly headmaster, Harry uncovers the truth about his parents' deaths—and about the villain who's to blame.",
            "release_date": "2001-11-16",
            "adult": false,
            "backdrop_path": "/5jkE2SzR5uR2egEb1rRhF22JyWN.jpg",
            "genre_ids": [
                12,
                14
            ],
            "vote_count": 22728,
            "original_language": "en",
            "original_title": "Harry Potter and the Philosopher's Stone",
            "poster_path": "/wuMc08IPKEatf9rnMNXvIDxqP4W.jpg",
            "title": "Harry Potter and the Philosopher's Stone",
            "video": false,
            "vote_average": 7.9,
            "id": 671,
            "popularity": 333.563,
            "media_type": "movie"
        },
        {
            "genre_ids": [
                878,
                12
            ],
            "original_language": "en",
            "original_title": "Dune",
            "poster_path": "/d5NXSklXo0qyIYkgV94XAgMIckC.jpg",
            "title": "Dune",
            "video": false,
            "vote_average": 7.9,
            "overview": "Paul Atreides, a brilliant and gifted young man born into a great destiny beyond his understanding, must travel to the most dangerous planet in the universe to ensure the future of his family and his people. As malevolent forces explode into conflict over the planet's exclusive supply of the most precious resource in existence-a commodity capable of unlocking humanity's greatest potential-only those who can conquer their fear will survive.",
            "release_date": "2021-09-15",
            "vote_count": 7148,
            "adult": false,
            "backdrop_path": "/jYEW5xZkZk2WTrdbMGAPFuBqbDc.jpg",
            "id": 438631,
            "popularity": 281.397,
            "media_type": "movie"
        },
        {
            "original_title": "South Park: The Streaming Wars",
            "id": 974691,
            "video": false,
            "vote_average": 7.6,
            "overview": "Cartman locks horns with his mom in a battle of wills while an epic conflict unfolds that threatens South Park’s very existence.",
            "release_date": "2022-06-01",
            "vote_count": 43,
            "adult": false,
            "backdrop_path": "/ttBhuGWZAUeS6lbdECBYg5yuga3.jpg",
            "title": "South Park: The Streaming Wars",
            "genre_ids": [
                16,
                35
            ],
            "poster_path": "/cbVvBYu3POY30cw4C9jtEIygiTf.jpg",
            "original_language": "en",
            "popularity": 52.073,
            "media_type": "movie"
        },
        {
            "original_title": "The Valet",
            "id": 810171,
            "video": false,
            "vote_average": 7.8,
            "overview": "World famous movie star Olivia faces a PR disaster when a paparazzi snaps a photo of her with her married lover, Vincent. The hard-working valet Antonio accidentally appears in the same photo and is enlisted to pose as Olivia’s new boyfriend as a cover-up. This ruse with Olivia thrusts Antonio into the spotlight and unexpected chaos.",
            "release_date": "2022-05-11",
            "vote_count": 204,
            "adult": false,
            "backdrop_path": "/ba3oFhz6DkzSjVXsr50AGRMkfh8.jpg",
            "title": "The Valet",
            "genre_ids": [
                35
            ],
            "poster_path": "/q7FmdJHKMLIC4XgWfcFRIu2iVdL.jpg",
            "original_language": "en",
            "popularity": 811.781,
            "media_type": "movie"
        },
        {
            "poster_path": "/A0LZHXUzo5C60Oahvt7VxvwuzHw.jpg",
            "video": false,
            "vote_average": 6.7,
            "overview": "Twenty-two years after the events of Jurassic Park, Isla Nublar now features a fully functioning dinosaur theme park, Jurassic World, as originally envisioned by John Hammond.",
            "release_date": "2015-06-06",
            "vote_count": 18124,
            "adult": false,
            "backdrop_path": "/yOCRqvrRrxbs5FYq2pX1KtLJwmR.jpg",
            "id": 135397,
            "genre_ids": [
                28,
                12,
                878,
                53
            ],
            "title": "Jurassic World",
            "original_language": "en",
            "original_title": "Jurassic World",
            "popularity": 615.48,
            "media_type": "movie"
        },
        {
            "overview": "The Eternals are a team of ancient aliens who have been living on Earth in secret for thousands of years. When an unexpected tragedy forces them out of the shadows, they are forced to reunite against mankind’s most ancient enemy, the Deviants.",
            "release_date": "2021-11-03",
            "adult": false,
            "backdrop_path": "/c6H7Z4u73ir3cIoCteuhJh7UCAR.jpg",
            "genre_ids": [
                878,
                28,
                12,
                14
            ],
            "vote_count": 5743,
            "original_language": "en",
            "original_title": "Eternals",
            "poster_path": "/lFByFSLV5WDJEv3KabbdAF959F2.jpg",
            "vote_average": 7.1,
            "video": false,
            "id": 524434,
            "title": "Eternals",
            "popularity": 540.624,
            "media_type": "movie"
        },
        {
            "genre_ids": [
                28,
                53,
                80
            ],
            "original_language": "en",
            "original_title": "Ambulance",
            "poster_path": "/zT5ynZ0UR6HFfWQSRf2uKtqCyWD.jpg",
            "title": "Ambulance",
            "video": false,
            "vote_average": 7.0,
            "overview": "Decorated veteran Will Sharp, desperate for money to cover his wife's medical bills, asks for help from his adoptive brother Danny. A charismatic career criminal, Danny instead offers him a score: the biggest bank heist in Los Angeles history: $32 million.",
            "release_date": "2022-03-16",
            "vote_count": 819,
            "adult": false,
            "backdrop_path": "/dW3fQJrshh2wYDoW4HUA7ZabsN1.jpg",
            "id": 763285,
            "popularity": 840.434,
            "media_type": "movie"
        },
        {
            "genre_ids": [
                28,
                80,
                53
            ],
            "original_language": "es",
            "original_title": "Centauro",
            "poster_path": "/wOx97MJOxEoR38aoya3lopyrlYC.jpg",
            "video": false,
            "vote_average": 7.1,
            "vote_count": 20,
            "overview": "Rafa's hooked on the pure, fiery feelings he gets from speed racing, but when his kid's mom gets mixed up with drug dealers, he burns rubber to save her.",
            "release_date": "2022-06-15",
            "title": "Centauro",
            "id": 852592,
            "adult": false,
            "backdrop_path": "/v7hdWmLh6VLgZQgkbHDxAa17M47.jpg",
            "popularity": 104.891,
            "media_type": "movie"
        },
        {
            "original_title": "La ira de Dios",
            "id": 880313,
            "video": false,
            "vote_average": 6.3,
            "overview": "Convinced the tragic deaths of her loved ones were orchestrated by a famous novelist she worked for, Luciana turns to a journalist to expose her truth.",
            "release_date": "2022-06-15",
            "vote_count": 19,
            "adult": false,
            "backdrop_path": "/cpcDNWL2OgtCCcH7DDRjY8oxUsn.jpg",
            "title": "The Wrath of God",
            "genre_ids": [
                53,
                18
            ],
            "poster_path": "/lFhxNXEK0UpXXqSbhba83Zhl2uk.jpg",
            "original_language": "es",
            "popularity": 143.14,
            "media_type": "movie"
        },
        {
            "adult": false,
            "backdrop_path": "/jILeJ60zPpIjjJHGSmIeY4eO30t.jpg",
            "genre_ids": [
                28,
                18,
                12
            ],
            "original_language": "en",
            "original_title": "Top Gun",
            "poster_path": "/56XAyRDe8UpeAb7QKdqyERpXhTM.jpg",
            "id": 744,
            "video": false,
            "vote_average": 7.0,
            "vote_count": 5866,
            "overview": "For Lieutenant Pete 'Maverick' Mitchell and his friend and co-pilot Nick 'Goose' Bradshaw, being accepted into an elite training school for fighter pilots is a dream come true. But a tragedy, as well as personal demons, will threaten Pete's dreams of becoming an ace pilot.",
            "release_date": "1986-05-16",
            "title": "Top Gun",
            "popularity": 473.401,
            "media_type": "movie"
        },
        {
            "backdrop_path": "/1LMGpNSUekWg3XCPweN33knQPW9.jpg",
            "genre_ids": [
                35,
                18,
                10749
            ],
            "original_language": "en",
            "original_title": "Cha Cha Real Smooth",
            "poster_path": "/z8IPItbwRrJ3QWdCePOnWS1jueY.jpg",
            "video": false,
            "vote_average": 7.6,
            "vote_count": 19,
            "overview": "Fresh out of college and stuck at his New Jersey home without a clear path forward, 22-year-old Andrew begins working as a party starter for bar/bat mitzvahs—where he strikes up a unique friendship with a young mom and her teenage daughter.",
            "id": 814340,
            "title": "Cha Cha Real Smooth",
            "release_date": "2022-06-17",
            "adult": false,
            "popularity": 82.232,
            "media_type": "movie"
        },
        {
            "title": "Last Seen Alive",
            "original_language": "en",
            "original_title": "Last Seen Alive",
            "poster_path": "/qvqyDj34Uivokf4qIvK4bH0m0qF.jpg",
            "video": false,
            "id": 961484,
            "overview": "After Will Spann's wife suddenly vanishes at a gas station, his desperate search to find her leads him down a dark path that forces him to run from authorities and take the law into his own hands.",
            "release_date": "2022-05-19",
            "vote_count": 81,
            "adult": false,
            "backdrop_path": "/riyxG4iMQID7GovFPEGI3czQMYz.jpg",
            "vote_average": 6.8,
            "genre_ids": [
                28,
                53
            ],
            "popularity": 58.836,
            "media_type": "movie"
        },
        {
            "poster_path": "/7UGmn8TyWPPzkjhLUW58cOUHjPS.jpg",
            "video": false,
            "vote_average": 7.1,
            "overview": "Decades after their successful television series was canceled, Chip and Dale must repair their broken friendship and take on their Rescue Rangers detective personas once again when a former cast mate mysteriously disappears.",
            "release_date": "2022-05-18",
            "vote_count": 545,
            "adult": false,
            "backdrop_path": "/qK7Ssnrfvrt65F66A1thvehfQg2.jpg",
            "id": 420821,
            "genre_ids": [
                16,
                10751,
                35,
                12,
                9648
            ],
            "title": "Chip 'n Dale: Rescue Rangers",
            "original_language": "en",
            "original_title": "Chip 'n Dale: Rescue Rangers",
            "popularity": 1102.068,
            "media_type": "movie"
        },
        {
            "overview": "A young street-smart, Nathan Drake and his wisecracking partner Victor “Sully” Sullivan embark on a dangerous pursuit of “the greatest treasure never found” while also tracking clues that may lead to Nathan’s long-lost brother.",
            "release_date": "2022-02-10",
            "adult": false,
            "backdrop_path": "/aEGiJJP91HsKVTEPy1HhmN0wRLm.jpg",
            "genre_ids": [
                28,
                12
            ],
            "vote_count": 2439,
            "original_language": "en",
            "original_title": "Uncharted",
            "poster_path": "/tlZpSxYuBRoVJBOpUrPdQe9FmFq.jpg",
            "vote_average": 7.1,
            "video": false,
            "id": 335787,
            "title": "Uncharted",
            "popularity": 1709.716,
            "media_type": "movie"
        },
        {
            "vote_average": 8.0,
            "id": 778855,
            "overview": "Young Chickenhare is the adopted son of King Peter, a famous adventurer. Part chicken and part hare, he has a really tough time growing up and disguises himself as a hare to avoid the mockeries of his peers. When the day of the Royal Adventurer Society trials comes, Chickenhare, hampered by his disguise, fails miserably. But he is determined to grab a second chance and find the Scepter of the Hamster of Darkness, before his evil Uncle Lapin. The Scepter will give immense power to its holder. If Lapin gets hold of it, he will be unstoppable. Accompanied by his faithful servant Abe, a sarcastic turtle, and Meg, a martial arts expert skunk, he sets of on an epic and initiatory quest.",
            "release_date": "2022-02-16",
            "adult": false,
            "backdrop_path": "/j7HkmkYLH1McPTzWPvvYgIAQwIN.jpg",
            "genre_ids": [
                12,
                16,
                35,
                10751,
                14
            ],
            "vote_count": 65,
            "original_language": "en",
            "original_title": "Chickenhare and the Hamster of Darkness",
            "poster_path": "/2v6f1EqTo4FUxVT9MDXpF6158AX.jpg",
            "title": "Chickenhare and the Hamster of Darkness",
            "video": false,
            "popularity": 194.73,
            "media_type": "movie"
        },
        {
            "video": false,
            "id": 875104,
            "overview": "When a young Master Ip stops a kidnapping, he ignites a turf war with a ruthless human trafficking ring. In retaliation, the gang kidnaps one of Ip Man’s close friends, forcing him to face the group’s brutal boxing champion head-on.",
            "release_date": "2022-06-21",
            "adult": false,
            "backdrop_path": "/p8LPe9bxy70OGRhy5x9vdsvbTXY.jpg",
            "vote_count": 12,
            "genre_ids": [
                28,
                18,
                12
            ],
            "vote_average": 6.9,
            "original_language": "zh",
            "original_title": "叶问宗师觉醒",
            "poster_path": "/A7vhdyGrpPMKXsuFBZzxmave94F.jpg",
            "title": "Ip Man: The Awakening",
            "popularity": 339.961,
            "media_type": "movie"
        },
        {
            "adult": false,
            "backdrop_path": "/4OjoH07cxYQbnGiJzJxto0NUejH.jpg",
            "genre_ids": [
                35
            ],
            "original_language": "en",
            "original_title": "Jerry \u0026 Marge Go Large",
            "poster_path": "/bbBGSm1kjgmZ0O3bPUQIbA0xlKQ.jpg",
            "video": false,
            "vote_average": 7.4,
            "vote_count": 5,
            "overview": "The remarkable true story of how retiree Jerry Selbee discovers a mathematical loophole in the Massachusetts lottery and, with the help of his wife, Marge, wins $27 million dollars and uses the money to revive their small Michigan town.",
            "release_date": "2022-06-15",
            "title": "Jerry \u0026 Marge Go Large",
            "id": 843847,
            "popularity": 49.167,
            "media_type": "movie"
        },
        {
            "original_language": "en",
            "original_title": "The Bad Guys",
            "poster_path": "/7qop80YfuO0BwJa1uXk1DXUUEwv.jpg",
            "video": false,
            "vote_average": 7.8,
            "overview": "When the infamous Bad Guys are finally caught after years of countless heists and being the world’s most-wanted villains, Mr. Wolf brokers a deal to save them all from prison.",
            "release_date": "2022-03-17",
            "vote_count": 660,
            "adult": false,
            "backdrop_path": "/fEe5fe82qHzjO4yej0o79etqsWV.jpg",
            "id": 629542,
            "genre_ids": [
                16,
                35,
                10751,
                80
            ],
            "title": "The Bad Guys",
            "popularity": 1386.938,
            "media_type": "movie"
        },
        {
            "adult": false,
            "backdrop_path": "/pk5wCLokPgBtp3TYT7ZaVfKId37.jpg",
            "genre_ids": [
                18
            ],
            "id": 763073,
            "original_language": "en",
            "original_title": "Trees of Peace",
            "overview": "In April of 1994, four women from different backgrounds and beliefs are trapped and hiding during the Rwandan genocide. Their fight for survival against all odds unites the women in an unbreakable sisterhood.",
            "poster_path": "/2McwkzqZ5uOZsBOGEjCDRni8Qf7.jpg",
            "release_date": "2021-04-01",
            "title": "Trees of Peace",
            "video": false,
            "vote_average": 7.1,
            "vote_count": 18,
            "popularity": 65.699,
            "media_type": "movie"
        },
        {
            "genre_ids": [
                35,
                10749
            ],
            "original_language": "pl",
            "original_title": "Parada serc",
            "poster_path": "/aalVJiTZ72CBy5FcdrkCzKeQ1rq.jpg",
            "video": false,
            "vote_average": 6.3,
            "vote_count": 6,
            "overview": "A careerist from Warsaw, who does not like dogs, has to go to Kraków for professional reasons, where she meets a charming widower, his son and their four-legged pet.",
            "release_date": "2022-06-15",
            "title": "Heart Parade",
            "id": 982939,
            "adult": false,
            "backdrop_path": "/dsGDdoWBiL7VzTAXoH6q3kh1VKW.jpg",
            "popularity": 88.341,
            "media_type": "movie"
        },
        {
            "adult": false,
            "backdrop_path": "/qBu6blwnOA75Hz61QHrNe8unUNw.jpg",
            "genre_ids": [
                53,
                80
            ],
            "vote_count": 14,
            "original_language": "en",
            "original_title": "Collision",
            "poster_path": "/4zsihgkxMZ7MrflNCjkD3ySFJtc.jpg",
            "title": "Collision",
            "video": false,
            "vote_average": 6.4,
            "id": 975714,
            "overview": "Over the course of one fateful day, a corrupt businessman and his socialite wife race to save their daughter from a notorious crime lord.",
            "release_date": "2022-06-16",
            "popularity": 71.355,
            "media_type": "movie"
        },
        {
            "genre_ids": [
                28,
                53,
                80
            ],
            "original_language": "en",
            "original_title": "Memory",
            "poster_path": "/QaNLpq3Wuu2yp5ESsXYcQCOpUk.jpg",
            "video": false,
            "title": "Memory",
            "vote_count": 309,
            "overview": "Alex, an assassin-for-hire, finds that he's become a target after he refuses to complete a job for a dangerous criminal organization. With the crime syndicate and FBI in hot pursuit, Alex has the skills to stay ahead, except for one thing: he is struggling with severe memory loss, affecting his every move. Alex must question his every action and whom he can ultimately trust.",
            "release_date": "2022-04-28",
            "vote_average": 7.3,
            "id": 818397,
            "adult": false,
            "backdrop_path": "/kiH3KPWi7BaRMvdAigcwrUFViHl.jpg",
            "popularity": 2947.864,
            "media_type": "movie"
        },
        {
            "video": false,
            "vote_average": 7.5,
            "overview": "Explore the evolution of Buzz Lightyear from toy to human in the making of Pixar’s Lightyear. Dive into the origin and cultural impact of everyone’s favorite Space Ranger, the art of designing a new “human Buzz,” and the challenges faced by the Lightyear crew along the way.",
            "release_date": "2022-06-10",
            "adult": false,
            "backdrop_path": "/mBJ995JUssgh2hhm4JxNj8hyVVM.jpg",
            "vote_count": 77,
            "genre_ids": [
                99
            ],
            "title": "Beyond Infinity: Buzz and the Journey to Lightyear",
            "original_language": "en",
            "original_title": "Beyond Infinity: Buzz and the Journey to Lightyear",
            "poster_path": "/3dhQksZrIeRYP8jbB0J1SLW6HVW.jpg",
            "id": 979163,
            "popularity": 864.448,
            "media_type": "movie"
        },
        {
            "vote_average": 6.5,
            "title": "Moonfall",
            "id": 406759,
            "adult": false,
            "backdrop_path": "/9Ngw106BLlNJ4iVpRHlrDfaLpCV.jpg",
            "vote_count": 1266,
            "genre_ids": [
                878,
                12,
                28
            ],
            "overview": "A mysterious force knocks the moon from its orbit around Earth and sends it hurtling on a collision course with life as we know it.",
            "original_language": "en",
            "original_title": "Moonfall",
            "poster_path": "/putDqnndrdRzRRy5sVPYMH5FTjI.jpg",
            "release_date": "2022-02-03",
            "video": false,
            "popularity": 1011.641,
            "media_type": "movie"
        },
        {
            "overview": "When Stargirl's mother is hired as the costume designer on a movie, they relocate to L.A., where Stargirl quickly becomes involved with an eclectic assortment of characters.",
            "id": 799883,
            "adult": false,
            "backdrop_path": "/hGykHXIRZ5HI602BDpQDUNUsVqH.jpg",
            "genre_ids": [
                35,
                10749,
                10402,
                18
            ],
            "vote_count": 17,
            "original_language": "en",
            "original_title": "Hollywood Stargirl",
            "poster_path": "/4wwdY9Xx6eI1g4C5i5Ni89UmlWw.jpg",
            "title": "Hollywood Stargirl",
            "video": false,
            "vote_average": 7.7,
            "release_date": "2022-06-03",
            "popularity": 289.909,
            "media_type": "movie"
        },
        {
            "overview": "Global superstar Jennifer Lopez reflects on her multifaceted career and the pressure of life in the spotlight in this intimate documentary.",
            "release_date": "2022-06-08",
            "adult": false,
            "backdrop_path": "/sVUj3GZ6qWCyaVyu4PpMlyYQbxd.jpg",
            "genre_ids": [
                99,
                10402
            ],
            "vote_count": 29,
            "original_language": "en",
            "original_title": "Jennifer Lopez:  Halftime",
            "poster_path": "/kigfBGQKTI0cLV6t10DeDQGVBFr.jpg",
            "vote_average": 7.2,
            "video": false,
            "id": 962192,
            "title": "Jennifer Lopez:  Halftime",
            "popularity": 76.679,
            "media_type": "movie"
        },
        {
            "original_title": "Jurassic World: Fallen Kingdom",
            "id": 351286,
            "video": false,
            "vote_average": 6.6,
            "overview": "Three years after the demise of Jurassic World, a volcanic eruption threatens the remaining dinosaurs on Isla Nublar. So, Claire Dearing recruits Owen Grady to help prevent the extinction of the dinosaurs once again.",
            "release_date": "2018-06-06",
            "vote_count": 9941,
            "adult": false,
            "backdrop_path": "/3s9O5af2xWKWR5JzP2iJZpZeQQg.jpg",
            "title": "Jurassic World: Fallen Kingdom",
            "genre_ids": [
                28,
                12,
                878,
                53
            ],
            "poster_path": "/c9XxwwhPHdaImA2f1WEfEsbhaFB.jpg",
            "original_language": "en",
            "popularity": 601.183,
            "media_type": "movie"
        },
        {
            "vote_count": 17337,
            "id": 11,
            "adult": false,
            "backdrop_path": "/jBFxXKCrViA88hhO59fDx0Av4P.jpg",
            "genre_ids": [
                12,
                28,
                878
            ],
            "title": "Star Wars",
            "original_language": "en",
            "original_title": "Star Wars",
            "poster_path": "/6FfCtAuVAW8XJjZ7eWeLibRLWTw.jpg",
            "release_date": "1977-05-25",
            "video": false,
            "vote_average": 8.2,
            "overview": "Princess Leia is captured and held hostage by the evil Imperial forces in their effort to take over the galactic Empire. Venturesome Luke Skywalker and dashing captain Han Solo team together with the loveable robot duo R2-D2 and C-3PO to rescue the beautiful princess and restore peace and justice in the Empire.",
            "popularity": 120.52,
            "media_type": "movie"
        },
        {
            "adult": false,
            "backdrop_path": "/cyV2syN5zRQwU6BmWMyMFyjRLow.jpg",
            "genre_ids": [
                28,
                53,
                80
            ],
            "id": 843633,
            "original_language": "en",
            "original_title": "White Elephant",
            "overview": "An ex-marine enforcer must battle his conscience and code of honor when he is forced to do things for the mob.",
            "poster_path": "/4U32ULTfEz2c456ukx5HCPDVQQ7.jpg",
            "release_date": "2022-06-03",
            "title": "White Elephant",
            "video": false,
            "vote_average": 6.2,
            "vote_count": 11,
            "popularity": 22.7,
            "media_type": "movie"
        },
        {
            "adult": false,
            "backdrop_path": "/hcNM0HjfPonIzOVy6LVTDBXSfMq.jpg",
            "genre_ids": [
                28,
                53,
                80
            ],
            "release_date": "2022-03-04",
            "vote_average": 6.1,
            "original_language": "en",
            "original_title": "A Day to Die",
            "poster_path": "/8Kce1utfytAG5m1PbtVoDzmDZJH.jpg",
            "video": false,
            "overview": "A disgraced parole officer is indebted to a local gang leader and forced to pull off a series of dangerous drug heists within twelve hours in order to pay the $2 million dollars he owes, rescue his kidnapped pregnant wife, and settle a score with the city's corrupt police chief, who is working with the gang leader and double-crossed him years ago.",
            "id": 864116,
            "title": "A Day to Die",
            "vote_count": 69,
            "popularity": 2168.258,
            "media_type": "movie"
        },
        {
            "overview": "When an unexpected enemy emerges and threatens global safety and security, Nick Fury, director of the international peacekeeping agency known as S.H.I.E.L.D., finds himself in need of a team to pull the world back from the brink of disaster. Spanning the globe, a daring recruitment effort begins!",
            "release_date": "2012-04-25",
            "adult": false,
            "backdrop_path": "/nNmJRkg8wWnRmzQDe2FwKbPIsJV.jpg",
            "genre_ids": [
                878,
                28,
                12
            ],
            "vote_count": 27053,
            "original_language": "en",
            "original_title": "The Avengers",
            "poster_path": "/RYMX2wcKCBAr24UyPD7xwmjaTn.jpg",
            "vote_average": 7.7,
            "video": false,
            "id": 24428,
            "title": "The Avengers",
            "popularity": 246.143,
            "media_type": "movie"
        },
        {
            "vote_count": 4230,
            "id": 370172,
            "adult": false,
            "backdrop_path": "/r2GAjd4rNOHJh6i6Y0FntmYuPQW.jpg",
            "genre_ids": [
                12,
                28,
                53
            ],
            "title": "No Time to Die",
            "original_language": "en",
            "original_title": "No Time to Die",
            "poster_path": "/iUgygt3fscRoKWCV1d0C7FbM9TP.jpg",
            "release_date": "2021-09-29",
            "video": false,
            "vote_average": 7.5,
            "overview": "Bond has left active service and is enjoying a tranquil life in Jamaica. His peace is short-lived when his old friend Felix Leiter from the CIA turns up asking for help. The mission to rescue a kidnapped scientist turns out to be far more treacherous than expected, leading Bond onto the trail of a mysterious villain armed with dangerous new technology.",
            "popularity": 244.366,
            "media_type": "movie"
        },
        {
            "adult": false,
            "backdrop_path": "/3G1Q5xF40HkUBJXxt2DQgQzKTp5.jpg",
            "genre_ids": [
                16,
                35,
                10751,
                14
            ],
            "original_language": "en",
            "original_title": "Encanto",
            "id": 568124,
            "vote_count": 6720,
            "video": false,
            "vote_average": 7.7,
            "title": "Encanto",
            "overview": "The tale of an extraordinary family, the Madrigals, who live hidden in the mountains of Colombia, in a magical house, in a vibrant town, in a wondrous, charmed place called an Encanto. The magic of the Encanto has blessed every child in the family with a unique gift from super strength to the power to heal—every child except one, Mirabel. But when she discovers that the magic surrounding the Encanto is in danger, Mirabel decides that she, the only ordinary Madrigal, might just be her exceptional family's last hope.",
            "release_date": "2021-11-24",
            "poster_path": "/4j0PNHkMr5ax3IA8tjtxcmPU3QT.jpg",
            "popularity": 1080.83,
            "media_type": "movie"
        },
        {
            "video": false,
            "vote_average": 7.3,
            "overview": "The life story of Elvis Presley as seen through the complicated relationship with his enigmatic manager, Colonel Tom Parker.",
            "release_date": "2022-06-22",
            "adult": false,
            "backdrop_path": "/1zgz0LAT3avelWe6whHSa9j7zfq.jpg",
            "vote_count": 3,
            "genre_ids": [
                18,
                10402,
                36
            ],
            "title": "Elvis",
            "original_language": "en",
            "original_title": "Elvis",
            "poster_path": "/adD2eGygfMJupGJByi5CSHAgEQU.jpg",
            "id": 614934,
            "popularity": 115.17,
            "media_type": "movie"
        },
        {
            "original_language": "en",
            "original_title": "My Fake Boyfriend",
            "poster_path": "/7l9qEWdSzki33Q3SKD1d5uvJBEo.jpg",
            "video": false,
            "vote_average": 6.6,
            "overview": "A young man in a tricky situation follows the advice of his unconventional best friend and uses social media to create a fake boyfriend to keep his awful ex-lover out of his life. But everything backfires when he meets the real love of his life, and breaking up with his fake boyfriend proves hard to do.",
            "release_date": "2022-06-10",
            "vote_count": 17,
            "title": "My Fake Boyfriend",
            "adult": false,
            "backdrop_path": "/3cawtQcT1VT31Ui2FgA1KGFeZYl.jpg",
            "id": 908762,
            "genre_ids": [
                35,
                10749
            ],
            "popularity": 606.213,
            "media_type": "movie"
        },
        {
            "vote_count": 44,
            "id": 923597,
            "adult": false,
            "backdrop_path": "/1aQ3plcRUNLnJRaL7KTvZU9IqcU.jpg",
            "genre_ids": [
                28
            ],
            "title": "Eraser: Reborn",
            "original_language": "en",
            "original_title": "Eraser: Reborn",
            "poster_path": "/lWE48knKsaPGqVoANXoWraiub2d.jpg",
            "release_date": "2022-03-31",
            "video": false,
            "vote_average": 7.0,
            "overview": "U.S. Marshal Mason Pollard specializes in “erasing” people – faking the deaths of high-risk witnesses. With the technological advances of the last 25 years, the game has upgraded, and it’s just another day at the office when he’s assigned to Rina Kimura, a crime boss’ wife who’s decided to turn state’s evidence. As the two flee to Cape Town, South Africa, Pollard discovers he’s been set up and will need to be at the top of his game, or he’ll be the one who’s erased.",
            "popularity": 30.444,
            "media_type": "movie"
        },
        {
            "original_language": "en",
            "original_title": "Avatar",
            "poster_path": "/jRXYjXNq0Cs2TcJjLkki24MLp7u.jpg",
            "video": false,
            "vote_average": 7.5,
            "id": 19995,
            "release_date": "2009-12-10",
            "title": "Avatar",
            "vote_count": 25560,
            "adult": false,
            "backdrop_path": "/jlQJDD0L5ZojjlS0KYnApdO0n19.jpg",
            "overview": "In the 22nd century, a paraplegic Marine is dispatched to the moon Pandora on a unique mission, but becomes torn between following orders and protecting an alien civilization.",
            "genre_ids": [
                28,
                12,
                14,
                878
            ],
            "popularity": 357.227,
            "media_type": "movie"
        },
        {
            "original_title": "The Black Phone",
            "id": 756999,
            "video": false,
            "vote_average": 7.8,
            "overview": "Finney Shaw, a shy but clever 13-year-old boy, is abducted by a sadistic killer and trapped in a soundproof basement where screaming is of little use. When a disconnected phone on the wall begins to ring, Finney discovers that he can hear the voices of the killer’s previous victims. And they are dead set on making sure that what happened to them doesn’t happen to Finney.",
            "release_date": "2022-05-29",
            "vote_count": 12,
            "adult": false,
            "backdrop_path": "/h9zyS1LrufwLI9FyhiPjPWsppEK.jpg",
            "title": "The Black Phone",
            "genre_ids": [
                27,
                53
            ],
            "poster_path": "/iShDURqaP9Xhv9NBRkSpruxdgfQ.jpg",
            "original_language": "en",
            "popularity": 235.61,
            "media_type": "movie"
        },
        {
            "original_language": "en",
            "original_title": "The Good Neighbor",
            "poster_path": "/j8IdKtir1TqzEgh4JO0YAPaUAxG.jpg",
            "video": false,
            "vote_average": 7.7,
            "id": 893086,
            "overview": "A nightmarish evening unfolds for David, a former New York Times journalist, when he and his strange new neighbor Robert, accidentally hit a girl on her bike. Buzzed and disoriented, David lets Robert convince him to flee the scene and leave the girl for dead, in order to protect his career. Robert shows no remorse, and in the name of friendship he does unspeakable things to protect the secret. Now that the police are full-on hunting for the hit-and-run killer, things begin to spiral out of control when David’s local newspaper sends him to cover the story where he meets the deceased girl’s sister Vanessa. Despite the circumstances, and her deep desire to find her sister’s killer, the two immediately have a romantic connection, which surprises and haunts David, while pushing Robert to take brutal steps to keep his new friend to himself.",
            "release_date": "2022-06-17",
            "adult": false,
            "backdrop_path": "/AnmfRV7X0kwEn96pg0lAVopV8YK.jpg",
            "vote_count": 3,
            "genre_ids": [
                53
            ],
            "title": "The Good Neighbor",
            "popularity": 79.405,
            "media_type": "movie"
        },
        {
            "vote_average": 7.6,
            "overview": "After being held captive in an Afghan cave, billionaire engineer Tony Stark creates a unique weaponized suit of armor to fight evil.",
            "release_date": "2008-04-30",
            "adult": false,
            "backdrop_path": "/s6cQgJSkviamXAXBggT2xmj7JiG.jpg",
            "vote_count": 22863,
            "genre_ids": [
                28,
                878,
                12
            ],
            "video": false,
            "original_language": "en",
            "original_title": "Iron Man",
            "poster_path": "/78lPtwv72eTNqFW9COBYI0dWDJa.jpg",
            "id": 1726,
            "title": "Iron Man",
            "popularity": 117.121,
            "media_type": "movie"
        },
        {
            "adult": false,
            "backdrop_path": "/lNyLSOKMMeUPr1RsL4KcRuIXwHt.jpg",
            "genre_ids": [
                878,
                28,
                12
            ],
            "original_language": "en",
            "original_title": "Venom: Let There Be Carnage",
            "poster_path": "/rjkmN1dniUHVYAtwuV3Tji7FsDO.jpg",
            "id": 580489,
            "video": false,
            "vote_average": 7.0,
            "vote_count": 7498,
            "overview": "After finding a host body in investigative reporter Eddie Brock, the alien symbiote must face a new enemy, Carnage, the alter ego of serial killer Cletus Kasady.",
            "release_date": "2021-09-30",
            "title": "Venom: Let There Be Carnage",
            "popularity": 677.636,
            "media_type": "movie"
        },
        {
            "overview": "After his career is destroyed, a brilliant but arrogant surgeon gets a new lease on life when a sorcerer takes him under her wing and trains him to defend the world against evil.",
            "release_date": "2016-10-25",
            "adult": false,
            "backdrop_path": "/eQN31P4IEhyp6NkdccvppJnyuJ4.jpg",
            "genre_ids": [
                28,
                12,
                14,
                878
            ],
            "vote_count": 19189,
            "original_language": "en",
            "original_title": "Doctor Strange",
            "poster_path": "/uGBVj3bEbCoZbDjjl9wTxcygko1.jpg",
            "vote_average": 7.4,
            "video": false,
            "id": 284052,
            "title": "Doctor Strange",
            "popularity": 903.155,
            "media_type": "movie"
        },
        {
            "original_language": "en",
            "original_title": "Avengers: Infinity War",
            "poster_path": "/7WsyChQLEftFiDOVTGkv3hFpyyt.jpg",
            "video": false,
            "vote_average": 8.3,
            "overview": "As the Avengers and their allies have continued to protect the world from threats too large for any one hero to handle, a new danger has emerged from the cosmic shadows: Thanos. A despot of intergalactic infamy, his goal is to collect all six Infinity Stones, artifacts of unimaginable power, and use them to inflict his twisted will on all of reality. Everything the Avengers have fought for has led up to this moment - the fate of Earth and existence itself has never been more uncertain.",
            "release_date": "2018-04-25",
            "vote_count": 24767,
            "adult": false,
            "backdrop_path": "/lmZFxXgJE3vgrciwuDib0N8CfQo.jpg",
            "title": "Avengers: Infinity War",
            "genre_ids": [
                12,
                28,
                878
            ],
            "id": 299536,
            "popularity": 420.529,
            "media_type": "movie"
        },
        {
            "genre_ids": [
                10751,
                16,
                28,
                12,
                35
            ],
            "original_language": "en",
            "original_title": "Minions: The Rise of Gru",
            "poster_path": "/wKiOkZTN9lUUUNZLmtnwubZYONg.jpg",
            "video": false,
            "vote_average": 7.7,
            "vote_count": 11,
            "overview": "A fanboy of a supervillain supergroup known as the Vicious 6, Gru hatches a plan to become evil enough to join them, with the backup of his followers, the Minions.",
            "release_date": "2022-06-16",
            "title": "Minions: The Rise of Gru",
            "id": 438148,
            "adult": false,
            "backdrop_path": "/2gGVdr0BcKzma68SW2jpZfJtOlB.jpg",
            "popularity": 458.709,
            "media_type": "movie"
        },
        {
            "genre_ids": [
                28,
                12,
                878
            ],
            "id": 497698,
            "original_language": "en",
            "original_title": "Black Widow",
            "poster_path": "/qAZ0pzat24kLdO3o8ejmbLxyOac.jpg",
            "video": false,
            "vote_average": 7.4,
            "overview": "Natasha Romanoff, also known as Black Widow, confronts the darker parts of her ledger when a dangerous conspiracy with ties to her past arises. Pursued by a force that will stop at nothing to bring her down, Natasha must deal with her history as a spy and the broken relationships left in her wake long before she became an Avenger.",
            "release_date": "2021-07-07",
            "vote_count": 7714,
            "adult": false,
            "backdrop_path": "/keIxh0wPr2Ymj0Btjh4gW7JJ89e.jpg",
            "title": "Black Widow",
            "popularity": 278.468,
            "media_type": "movie"
        },
        {
            "poster_path": "/vaGYks5lnsWv9cD8mbQ3W5fAzPr.jpg",
            "video": false,
            "vote_average": 0.0,
            "overview": "Nearly 5,000 years after he was bestowed with the almighty powers of the Egyptian gods—and imprisoned just as quickly—Black Adam is freed from his earthly tomb, ready to unleash his unique form of justice on the modern world.",
            "release_date": "2022-10-19",
            "vote_count": 0,
            "adult": false,
            "backdrop_path": "/djw8wHB9XiqzgzqWOWJqx0kmO6L.jpg",
            "title": "Black Adam",
            "genre_ids": [
                28,
                14,
                12
            ],
            "id": 436270,
            "original_language": "en",
            "original_title": "Black Adam",
            "popularity": 132.533,
            "media_type": "movie"
        }
    ],
    "total_pages": 1000,
    "total_results": 20000
}